[
  {
    "value": "Pav Bhaji",
    "synonyms": [
      "Pav Bhaji",
      "bhaji paav",
      "mumbai paav bhaji",
      "pavbhaji"
    ]
  },
  {
    "value": "Chhole Bhature",
    "synonyms": [
      "Chhole Bhature",
      "chhole",
      "puri chhole",
      "chole",
      "chholebhature"
    ]
  },
  {
    "value": "Pizza",
    "synonyms": [
      "Pizza",
      "cheese pizza",
      "pizzas"
    ]
  },
  {
    "value": "Mango Lassi",
    "synonyms": [
      "Mango Lassi",
      "aam lassi",
      "mango shake",
      "mango juice",
      "mangolassi"
    ]
  },
  {
    "value": "Masala Dosa",
    "synonyms": [
      "Masala Dosa",
      "dosa masala",
      "dosa",
      "masaladosa"
    ]
  },
  {
    "value": "Vegetable Biryani",
    "synonyms": [
      "Veg Biryani",
      "biryani",
      "pulav",
      "vegbiryani"
    ]
  },
  {
    "value": "Vada Pav",
    "synonyms": [
      "Vada Pav",
      "paav vada",
      "wada pao",
      "batata vada pav",
      "vadapav"
    ]
  },
  {
    "value": "Rava Dosa",
    "synonyms": [
      "Rava Dosa",
      "sooji dosa",
      "instant rava dosa",
      "ravadosa"
    ]
  },
  {
    "value": "Samosa",
    "synonyms": [
      "Samosa",
      "masala samosa",
      "aloo samosa"
    ]
  }
]