[
  {
    "id": "8c93e7ee-b700-4dc1-9197-58e0d9b30659",
    "data": [
      {
        "text": "what is the menu",
        "userDefined": false
      }
    ],
    "isTemplate": false,
    "count": 0,
    "lang": "en",
    "updated": 0
  },
  {
    "id": "934d8076-b448-4c93-ac4e-2cf6c85b65ca",
    "data": [
      {
        "text": "show me today\u0027s menu",
        "userDefined": false
      }
    ],
    "isTemplate": false,
    "count": 0,
    "lang": "en",
    "updated": 0
  },
  {
    "id": "c4390379-42c3-402c-aeab-f30006f6ba64",
    "data": [
      {
        "text": "menu",
        "userDefined": false
      }
    ],
    "isTemplate": false,
    "count": 0,
    "lang": "en",
    "updated": 0
  },
  {
    "id": "7a234168-c6a0-4bed-adbe-285067993b51",
    "data": [
      {
        "text": "order food now",
        "userDefined": false
      }
    ],
    "isTemplate": false,
    "count": 0,
    "lang": "en",
    "updated": 0
  },
  {
    "id": "87eb71b3-a794-424e-a675-bb1376266c56",
    "data": [
      {
        "text": "I need to place an order",
        "userDefined": false
      }
    ],
    "isTemplate": false,
    "count": 0,
    "lang": "en",
    "updated": 0
  },
  {
    "id": "83876b4a-315d-4caf-9b62-2552cbe2c2ad",
    "data": [
      {
        "text": "begin a new order",
        "userDefined": false
      }
    ],
    "isTemplate": false,
    "count": 0,
    "lang": "en",
    "updated": 0
  },
  {
    "id": "c3bb0930-7a3d-46bd-b67d-a2b9d79efafc",
    "data": [
      {
        "text": "Create a new order",
        "userDefined": false
      }
    ],
    "isTemplate": false,
    "count": 1,
    "lang": "en",
    "updated": 0
  },
  {
    "id": "814053b8-5ade-4843-9401-16135ea42b43",
    "data": [
      {
        "text": "New",
        "userDefined": false
      }
    ],
    "isTemplate": false,
    "count": 0,
    "lang": "en",
    "updated": 0
  },
  {
    "id": "cab12077-effd-4e92-aa3b-b4e42efcbd95",
    "data": [
      {
        "text": "Need food",
        "userDefined": false
      }
    ],
    "isTemplate": false,
    "count": 0,
    "lang": "en",
    "updated": 0
  },
  {
    "id": "df147b7c-91d9-4f5c-83a6-54c4fb00072f",
    "data": [
      {
        "text": "Order now",
        "userDefined": false
      }
    ],
    "isTemplate": false,
    "count": 0,
    "lang": "en",
    "updated": 0
  },
  {
    "id": "473715c6-f7b6-4fe4-b8cc-3c204d1ce8b5",
    "data": [
      {
        "text": "Pls new order",
        "userDefined": false
      }
    ],
    "isTemplate": false,
    "count": 0,
    "lang": "en",
    "updated": 0
  },
  {
    "id": "6f1c2dcd-0b87-43cb-9a31-85027785ed49",
    "data": [
      {
        "text": "Can I start a delivery order here",
        "userDefined": false
      }
    ],
    "isTemplate": false,
    "count": 0,
    "lang": "en",
    "updated": 0
  },
  {
    "id": "5c10d5d9-f4a7-4259-b8b9-3afb2d01e3d8",
    "data": [
      {
        "text": "Let\u0027s get some food. New order",
        "userDefined": false
      }
    ],
    "isTemplate": false,
    "count": 0,
    "lang": "en",
    "updated": 0
  },
  {
    "id": "ed0c7e23-ccb2-458f-af77-3e5c6115ec6c",
    "data": [
      {
        "text": "I\u0027m starving. How do I order",
        "userDefined": false
      }
    ],
    "isTemplate": false,
    "count": 0,
    "lang": "en",
    "updated": 0
  },
  {
    "id": "733369dd-569a-414d-8aeb-88e7b599c203",
    "data": [
      {
        "text": "Place a new order",
        "userDefined": false
      }
    ],
    "isTemplate": false,
    "count": 0,
    "lang": "en",
    "updated": 0
  },
  {
    "id": "57e739cd-408f-463d-9ba0-b7839a02ba19",
    "data": [
      {
        "text": "New order",
        "userDefined": false
      }
    ],
    "isTemplate": false,
    "count": 0,
    "lang": "en",
    "updated": 0
  }
]