[
  {
    "id": "3707ce9e-f62a-4248-a3a7-6e56b5fdc603",
    "data": [
      {
        "text": "That\u0027ll be all, thanks",
        "userDefined": false
      }
    ],
    "isTemplate": false,
    "count": 0,
    "lang": "en",
    "updated": 0
  },
  {
    "id": "73557bed-e024-4873-81ba-5adc95716501",
    "data": [
      {
        "text": "I\u0027m done, you can place the order",
        "userDefined": false
      }
    ],
    "isTemplate": false,
    "count": 0,
    "lang": "en",
    "updated": 0
  },
  {
    "id": "7d93fdf6-f743-4bcf-9993-170b5e31549f",
    "data": [
      {
        "text": "Nothing else, go ahead and place the order",
        "userDefined": false
      }
    ],
    "isTemplate": false,
    "count": 0,
    "lang": "en",
    "updated": 0
  },
  {
    "id": "8d6ccdd2-99a7-4ff9-a74d-d39a7a355915",
    "data": [
      {
        "text": "No, that\u0027s it",
        "userDefined": false
      }
    ],
    "isTemplate": false,
    "count": 0,
    "lang": "en",
    "updated": 0
  },
  {
    "id": "20e958f0-fece-4273-81e6-593e936390b6",
    "data": [
      {
        "text": "That\u0027s all for now",
        "userDefined": false
      }
    ],
    "isTemplate": false,
    "count": 0,
    "lang": "en",
    "updated": 0
  },
  {
    "id": "a3a105b7-481f-4833-bcf7-fedc9f5fe6f3",
    "data": [
      {
        "text": "I\u0027m good, thanks!",
        "userDefined": false
      }
    ],
    "isTemplate": false,
    "count": 0,
    "lang": "en",
    "updated": 0
  },
  {
    "id": "f2f0fb39-007c-4004-a2a6-6f4d859355f9",
    "data": [
      {
        "text": "Nope, that\u0027s everything.",
        "userDefined": false
      }
    ],
    "isTemplate": false,
    "count": 0,
    "lang": "en",
    "updated": 0
  },
  {
    "id": "6f11d934-fca1-4850-af13-a0912181a148",
    "data": [
      {
        "text": "That\u0027s it",
        "userDefined": false
      }
    ],
    "isTemplate": false,
    "count": 0,
    "lang": "en",
    "updated": 0
  },
  {
    "id": "1e4e280e-cceb-49e0-82f0-e02b237fe3d1",
    "data": [
      {
        "text": "Done",
        "userDefined": false
      }
    ],
    "isTemplate": false,
    "count": 0,
    "lang": "en",
    "updated": 0
  },
  {
    "id": "b06c5e5e-1ac0-44e7-9ba8-fa81dadd7382",
    "data": [
      {
        "text": "Place an order",
        "userDefined": false
      }
    ],
    "isTemplate": false,
    "count": 0,
    "lang": "en",
    "updated": 0
  },
  {
    "id": "73f3cb61-89d7-416f-a1dc-b38d2c8fba40",
    "data": [
      {
        "text": "Done ordering it",
        "userDefined": false
      }
    ],
    "isTemplate": false,
    "count": 0,
    "lang": "en",
    "updated": 0
  },
  {
    "id": "6e80788c-74b9-4748-9141-a93ecd3abe6b",
    "data": [
      {
        "text": "That\u0027s all I needed",
        "userDefined": false
      }
    ],
    "isTemplate": false,
    "count": 0,
    "lang": "en",
    "updated": 0
  },
  {
    "id": "46f8ff2d-2a80-4485-864a-5bfc7b00ea6f",
    "data": [
      {
        "text": "Nope",
        "userDefined": false
      }
    ],
    "isTemplate": false,
    "count": 0,
    "lang": "en",
    "updated": 0
  }
]