[
  {
    "id": "98461e5d-50b1-40b8-ba41-7d9add5b5993",
    "data": [
      {
        "text": "Status of order",
        "userDefined": false
      }
    ],
    "isTemplate": false,
    "count": 0,
    "lang": "en",
    "updated": 0
  },
  {
    "id": "3ba3221d-270e-47b4-a377-1a6341556300",
    "data": [
      {
        "text": "Track delivery",
        "userDefined": false
      }
    ],
    "isTemplate": false,
    "count": 0,
    "lang": "en",
    "updated": 0
  },
  {
    "id": "b981cb39-102d-4346-86d0-eb3c20db7974",
    "data": [
      {
        "text": "Order status",
        "userDefined": false
      }
    ],
    "isTemplate": false,
    "count": 0,
    "lang": "en",
    "updated": 0
  },
  {
    "id": "dc792209-01d4-48a7-af33-075b9099c1e3",
    "data": [
      {
        "text": "Order update?",
        "userDefined": false
      }
    ],
    "isTemplate": false,
    "count": 0,
    "lang": "en",
    "updated": 0
  },
  {
    "id": "f5e8a791-3d69-4e24-8441-f4b2593b1b74",
    "data": [
      {
        "text": "Track my food",
        "userDefined": false
      }
    ],
    "isTemplate": false,
    "count": 0,
    "lang": "en",
    "updated": 0
  },
  {
    "id": "05730568-c3ad-400f-8015-8ad392bea04b",
    "data": [
      {
        "text": "track existing order",
        "userDefined": false
      }
    ],
    "isTemplate": false,
    "count": 0,
    "lang": "en",
    "updated": 0
  },
  {
    "id": "90fa4d8a-93c7-4224-b0de-a9e0ad5bc1da",
    "data": [
      {
        "text": "track order",
        "userDefined": false
      }
    ],
    "isTemplate": false,
    "count": 0,
    "lang": "en",
    "updated": 0
  },
  {
    "id": "026b8b1f-063d-4d82-b5d6-433e317b4654",
    "data": [
      {
        "text": "check the status of my order",
        "userDefined": false
      }
    ],
    "isTemplate": false,
    "count": 0,
    "lang": "en",
    "updated": 0
  }
]